{ "scene" : {"camera" :{ "x":0.24976744186046515, "y":0.15, "z":0.23522972972972978, "rotation":6.283185307179586, "altura":0.00015, "zancada":0.03, "salto":0.5} , "sala" :{"nombre" : "Despacho",  "x":0, "y":0, "z":0, "pathX3DSin": "./uploads/X3D/Vicente/despachoSinTecho.x3d", "pathX3D": "./uploads/X3D/Vicente/despacho.x3d", "pathOBJ": ""} , "esculturas" : [{ "nombre" : "Dragon Chino0",  "x":0.05162790697674419, "y":0, "z":0.2992567567567567, "rotation":6.283185307179586, "pedestalAncho":0.15, "pedestalAlto":0.05, "pathX3D": "./uploads/X3D/Vicente/dragon.x3d", "pathOBJ": ""}  ], "cuadros" : [{ "nombre" : "Noche Estrellada0",  "x":0.1746511627907, "y":0.15, "z":0.0195541, "rotation":6.283185307179586, "largo":0.2, "alto":0.15, "alturaCuadro":0.15, "textura": "./uploads/IMG/Vicente/nocheestrellada.jpg"} , { "nombre" : "La Gioconda1",  "x":0.0195541, "y":0.15, "z":0.15893243243243, "rotation":1.5707963267948966, "largo":0.053000000000000005, "alto":0.077, "alturaCuadro":0.15, "textura": "./uploads/IMG/Vicente/monalisa.jpg"}  ] } }