{ "scene" : {"camera" :{ "x":0.22883720930232557, "y":0.15, "z":0.24097593582887705, "rotation":6.283185307179586, "altura":0.17, "zancada":30, "salto":0.5} , "sala" :{"nombre" : "Despacho",  "x":0, "y":0, "z":0, "pathX3DSin": "", "pathX3D": "./uploads/X3D/Vicente/despacho.x3d", "pathOBJ": ""} , "esculturas" : [{ "nombre" : "Dragon Chino0",  "x":0.4423255813953489, "y":0, "z":0.4709358288770054, "rotation":4.71238898038469, "pedestalAncho":0, "pedestalAlto":0, "pathX3D": "./uploads/X3D/Vicente/dragon.x3d", "pathOBJ": ""}  ], "cuadros" : [ ] } }