{ "scene" : {"camera" :{ "x":1.0123052978472262, "y":0.15, "z":2.5251791291112156, "rotation":6.283185307179586, "altura":0.00017, "zancada":0.03, "salto":0.5} , "sala" :{"nombre" : "Pabellón de Mies",  "x":0, "y":0, "z":0, "pathX3DSin": "./uploads/X3D/Vicente/miesSinTecho.x3d", "pathX3D": "./uploads/X3D/Vicente/miesTecho.x3d", "pathOBJ": ""} , "esculturas" : [{ "nombre" : "Dragon Chino0",  "x":1.3650703877579398, "y":0, "z":0.7709919359613282, "rotation":6.283185307179586, "pedestalAncho":0.15, "pedestalAlto":0.05, "pathX3D": "./uploads/X3D/Vicente/dragon.x3d", "pathOBJ": "./uploads/OBJ/Vicente/dragon.obj"} , { "nombre" : "Venus1",  "x":0.37210198652778326, "y":0, "z":2.631493504453633, "rotation":1.5707963267948966, "pedestalAncho":0.15, "pedestalAlto":0.05, "pathX3D": "./uploads/X3D/Vicente/venus.x3d", "pathOBJ": "./uploads/OBJ/Vicente/venus.obj"}  ], "cuadros" : [{ "nombre" : "Noche Estrellada0",  "x":1.7842155, "y":0.15, "z":1.4387460787692, "rotation":4.71238898038469, "largo":0.2, "alto":0.15, "alturaCuadro":0.15, "textura": "./uploads/IMG/Vicente/nocheestrellada.jpg"} , { "nombre" : "La Gioconda1",  "x":1.7842155, "y":0.15, "z":2.0234751431525, "rotation":4.71238898038469, "largo":0.053000000000000005, "alto":0.077, "alturaCuadro":0.15, "textura": "./uploads/IMG/Vicente/monalisa.jpg"}  ] } }